<!-- ================================================================================= -->
<!-- This build file automatically generated by EclipseME Version 0.5.0 on 08/21/2004. -->
<!-- DO NOT ALTER THE CONTENTS OF THIS FILE!!  CHANGES WILL BE OVERWRITTEN!            -->
<!--                                                                                   -->
<!-- Modifications may be made to the user-build.xml file and user-build.properties    -->
<!-- files.                                                                            -->
<!-- ================================================================================= -->
<project name="ZeeME-paths" default="initializePaths" basedir=".">
	<target name="initializePaths">
		<path id="path.classpath">
		</path>
		
		<path id="path.src">
			<pathelement location="${basedir}/src" />
		</path>
		
		<fileset id="fileset.package" dir="${path.build.classes}">
		</fileset>
	</target>
</project>